DATE,CLOSE,VOLUME
17/09/2014,457.334015,21056800
18/09/2014,424.440002,34483200
19/09/2014,394.79599,37919700
20/09/2014,408.903992,36863600
21/09/2014,398.821014,26580100
22/09/2014,402.152008,24127600
23/09/2014,435.790985,45099500
24/09/2014,423.204987,30627700
25/09/2014,411.574005,26814400
26/09/2014,404.424988,21460800
27/09/2014,399.519989,15029300
28/09/2014,377.181,23613300
29/09/2014,375.46701,32497700
30/09/2014,386.944,34707300
01/10/2014,383.61499,26229400
02/10/2014,375.071991,21777700
03/10/2014,359.511993,30901200
04/10/2014,328.865997,47236500
05/10/2014,320.51001,83308096
06/10/2014,330.07901,79011800
07/10/2014,336.187012,49199900
08/10/2014,352.940002,54736300
09/10/2014,365.026001,83641104
10/10/2014,361.562012,43665700
11/10/2014,362.299011,13345200
12/10/2014,378.549011,17552800
13/10/2014,390.414001,35221400
14/10/2014,400.869995,38491500
15/10/2014,394.77301,25267100
16/10/2014,382.556,26990000
17/10/2014,383.757996,13600700
18/10/2014,391.441986,11416800
19/10/2014,389.54599,5914570
20/10/2014,382.845001,16419000
21/10/2014,386.475006,14188900
22/10/2014,383.15799,11641300
23/10/2014,358.416992,26456900
24/10/2014,358.345001,15585700
25/10/2014,347.270996,18127500
26/10/2014,354.70401,11272500
27/10/2014,352.989014,13033000
28/10/2014,357.618011,7845880
29/10/2014,335.591003,18192700
30/10/2014,345.304993,30177900
31/10/2014,338.321014,12545400
01/11/2014,325.748993,16677200
02/11/2014,325.891998,8603620
03/11/2014,327.553986,12948500
04/11/2014,330.492004,15655500
05/11/2014,339.485992,19817200
06/11/2014,349.290009,18797000
07/11/2014,342.415009,16834200
08/11/2014,345.488007,8535470
09/11/2014,363.264008,24205600
10/11/2014,366.924011,30450100
11/11/2014,367.695007,15838900
12/11/2014,423.561005,45783200
13/11/2014,420.734985,58945000
14/11/2014,397.817993,29589200
15/11/2014,376.132996,15727500
16/11/2014,387.881989,11905600
17/11/2014,387.40799,41518800
18/11/2014,375.197998,32222500
19/11/2014,380.554993,18931800
20/11/2014,357.839996,25233200
21/11/2014,350.847992,29850100
22/11/2014,352.920013,15273000
23/11/2014,367.572998,15151600
24/11/2014,376.901001,30930100
25/11/2014,375.347992,25442200
26/11/2014,368.369995,18601700
27/11/2014,369.670013,8748030
28/11/2014,376.446991,22946500
29/11/2014,375.490997,15375600
30/11/2014,378.046997,9194440
01/12/2014,379.244995,11763000
02/12/2014,381.315002,12364100
03/12/2014,375.01001,13340100
04/12/2014,369.604004,14529600
05/12/2014,376.854004,15181800
06/12/2014,374.785004,7009320
07/12/2014,375.095001,6491650
08/12/2014,361.908997,18898700
09/12/2014,352.218994,32915500
10/12/2014,346.36499,16427700
11/12/2014,350.506012,32431300
12/12/2014,352.541992,16989800
13/12/2014,347.376007,11675900
14/12/2014,351.631989,12415200
15/12/2014,345.345001,17264200
16/12/2014,327.062012,30864900
17/12/2014,319.776001,37567900
18/12/2014,311.395996,39173000
19/12/2014,317.842987,23823100
20/12/2014,329.955994,20856700
21/12/2014,320.842987,15207600
22/12/2014,331.885986,22315100
23/12/2014,334.571991,16574200
24/12/2014,322.533997,15092300
25/12/2014,319.007996,9883640
26/12/2014,327.924011,16410500
27/12/2014,315.863007,15185200
28/12/2014,317.239014,11676600
29/12/2014,312.670013,12302500
30/12/2014,310.737,12528300
31/12/2014,320.192993,13942900
01/01/2015,314.248993,8036550
02/01/2015,315.032013,7860650
03/01/2015,281.082001,33054400
04/01/2015,264.195007,55629100
05/01/2015,274.473999,43962800
06/01/2015,286.188995,23245700
07/01/2015,294.337006,24866800
08/01/2015,283.348999,19982500
09/01/2015,290.40799,18718600
10/01/2015,274.79599,15264300
11/01/2015,265.660004,18200800
12/01/2015,267.79599,18880300
13/01/2015,225.860992,72843904
14/01/2015,178.102997,97638704
15/01/2015,209.843994,81773504
16/01/2015,208.097,38421000
17/01/2015,199.259995,23469700
18/01/2015,210.339005,30085100
19/01/2015,214.860992,18658300
20/01/2015,211.315002,24051100
21/01/2015,226.897003,29924600
22/01/2015,233.406006,33544600
23/01/2015,232.878998,24621700
24/01/2015,247.847,24782500
25/01/2015,253.718002,33582700
26/01/2015,273.472992,106794000
27/01/2015,263.475006,44399000
28/01/2015,233.914993,44352200
29/01/2015,233.513,32213400
30/01/2015,226.425003,26605200
31/01/2015,217.464005,23348200
01/02/2015,226.972,29128500
02/02/2015,238.229004,30612100
03/02/2015,227.268005,40783700
04/02/2015,226.852997,26594300
05/02/2015,217.110992,22516400
06/02/2015,222.266006,24435300
07/02/2015,227.753998,21604200
08/02/2015,223.412003,17145200
09/02/2015,220.110001,27791300
10/02/2015,219.839005,21115100
11/02/2015,219.184998,17201900
12/02/2015,221.764008,15206200
13/02/2015,235.427002,42744400
14/02/2015,257.321014,49732500
15/02/2015,234.824997,56552400
16/02/2015,233.843002,28153700
17/02/2015,243.610001,27363100
18/02/2015,236.326004,25200800
19/02/2015,240.283005,18270500
20/02/2015,243.779007,23876700
21/02/2015,244.533997,12284200
22/02/2015,235.977005,19527000
23/02/2015,238.891998,16400000
24/02/2015,238.735001,14200400
25/02/2015,237.470001,11496200
26/02/2015,236.425995,13619400
27/02/2015,253.828003,44013900
28/02/2015,254.263,13949300
01/03/2015,260.201996,25213700
02/03/2015,275.670013,40465700
03/03/2015,281.701996,50461300
04/03/2015,273.09201,41383000
05/03/2015,276.178009,41302400
06/03/2015,272.722992,28918900
07/03/2015,276.260986,17825900
08/03/2015,274.354004,22067900
09/03/2015,289.606995,59178200
10/03/2015,291.76001,67770800
11/03/2015,296.378998,33963900
12/03/2015,294.354004,32585200
13/03/2015,285.337006,31421500
14/03/2015,281.88501,22612300
15/03/2015,286.393005,11970100
16/03/2015,290.592987,21516100
17/03/2015,285.505005,21497200
18/03/2015,256.299011,57008000
19/03/2015,260.928009,52732000
20/03/2015,261.748993,18456700
21/03/2015,260.024994,17130100
22/03/2015,267.959991,18438100
23/03/2015,266.73999,22811900
24/03/2015,245.595001,40073700
25/03/2015,246.197006,35866900
26/03/2015,248.531998,25730000
27/03/2015,247.029007,17274900
28/03/2015,252.798004,16040900
29/03/2015,242.712997,21699400
30/03/2015,247.526001,23009600
31/03/2015,244.223999,22672000
01/04/2015,247.272003,22877200
02/04/2015,253.005005,26272600
03/04/2015,254.322006,23146600
04/04/2015,253.697006,12493500
05/04/2015,260.597992,19649200
06/04/2015,255.492004,20034200
07/04/2015,253.179993,18467400
08/04/2015,245.022003,30086400
09/04/2015,243.675995,21643500
10/04/2015,236.072006,28882000
11/04/2015,236.552002,16365200
12/04/2015,236.153,12387900
13/04/2015,224.587006,31181800
14/04/2015,219.158997,31719000
15/04/2015,223.832993,22562000
16/04/2015,228.572998,24805400
17/04/2015,222.882004,20429800
18/04/2015,223.356003,12939000
19/04/2015,222.600006,15021500
20/04/2015,224.626007,18364700
21/04/2015,235.268997,24978000
22/04/2015,234.175995,23847900
23/04/2015,236.462006,17036000
24/04/2015,231.268005,21448700
25/04/2015,226.389999,13957200
26/04/2015,219.429993,28943700
27/04/2015,229.285995,38574000
28/04/2015,225.854996,21469200
29/04/2015,225.807999,18936500
30/04/2015,236.145004,33818600
01/05/2015,232.078995,18815300
02/05/2015,234.929993,12535500
03/05/2015,240.358002,18494100
04/05/2015,239.018005,21223400
05/05/2015,236.121002,23929100
06/05/2015,229.781998,29587200
07/05/2015,237.334,29064400
08/05/2015,243.863007,27445500
09/05/2015,241.832001,19790500
10/05/2015,240.296005,15019100
11/05/2015,242.158005,20892300
12/05/2015,241.112,19282600
13/05/2015,236.376999,27180100
14/05/2015,236.929001,24413700
15/05/2015,237.604996,16329400
16/05/2015,236.153,11089700
17/05/2015,236.802002,11134300
18/05/2015,233.128006,16780300
19/05/2015,231.947006,14241900
20/05/2015,234.018005,15499400
21/05/2015,235.343994,15108900
22/05/2015,240.348007,27003000
23/05/2015,238.871994,14605000
24/05/2015,240.953003,11508000
25/05/2015,237.110001,14423900
26/05/2015,237.115997,16425000
27/05/2015,237.283005,18837000
28/05/2015,237.408005,13829600
29/05/2015,237.095993,14805000
30/05/2015,233.345001,14098600
31/05/2015,230.190002,14730800
01/06/2015,222.925995,26090500
02/06/2015,225.802994,20459000
03/06/2015,225.873993,17752400
04/06/2015,224.324005,14728100
05/06/2015,224.951996,18056500
06/06/2015,225.619003,11131500
07/06/2015,222.880997,13318400
08/06/2015,228.488998,23378400
09/06/2015,229.048004,28353100
10/06/2015,228.802994,15904800
11/06/2015,229.705002,14416000
12/06/2015,229.981995,14017700
13/06/2015,232.401993,13305300
14/06/2015,233.542999,12165900
15/06/2015,236.822998,19912100
16/06/2015,250.895004,41612000
17/06/2015,249.283997,43858400
18/06/2015,249.007004,30980200
19/06/2015,244.606003,23965300
20/06/2015,245.212006,20608100
21/06/2015,243.944,10600900
22/06/2015,246.990005,17692500
23/06/2015,244.296005,15108700
24/06/2015,240.514999,17344900
25/06/2015,242.798996,16133100
26/06/2015,243.593994,13983500
27/06/2015,250.990005,20488600
28/06/2015,249.011002,15137600
29/06/2015,257.063995,34742900
30/06/2015,263.071991,44533800
01/07/2015,258.621002,27029800
02/07/2015,255.412003,21551900
03/07/2015,256.335999,19033800
04/07/2015,260.885986,15620400
05/07/2015,271.912994,44156100
06/07/2015,269.029999,49154800
07/07/2015,266.207001,28857600
08/07/2015,270.785004,36980200
09/07/2015,269.227997,40301200
10/07/2015,284.894012,100390000
11/07/2015,293.11499,41109900
12/07/2015,310.867004,56405000
13/07/2015,292.053986,62053900
14/07/2015,287.463989,28727200
15/07/2015,285.82901,27486600
16/07/2015,278.088989,49482600
17/07/2015,279.471985,27591400
18/07/2015,274.901001,25187100
19/07/2015,273.614014,15332500
20/07/2015,278.980988,22711400
21/07/2015,275.833008,22930700
22/07/2015,277.221985,19389800
23/07/2015,276.049011,18531300
24/07/2015,288.278015,37199400
25/07/2015,288.696991,20662200
26/07/2015,292.686005,16032300
27/07/2015,293.623993,30592000
28/07/2015,294.427002,25453600
29/07/2015,289.589996,24672600
30/07/2015,287.721985,21635800
31/07/2015,284.649994,23629100
01/08/2015,281.601013,18995000
02/08/2015,282.614014,17722200
03/08/2015,281.22699,21474100
04/08/2015,285.217987,21908700
05/08/2015,281.881989,20128000
06/08/2015,278.576996,18792100
07/08/2015,279.584991,42484800
08/08/2015,260.997009,58533000
09/08/2015,265.083008,23789600
10/08/2015,264.470001,20979400
11/08/2015,270.385986,25433900
12/08/2015,266.376007,26815400
13/08/2015,264.079987,27685500
14/08/2015,265.679993,27091200
15/08/2015,261.550995,19321100
16/08/2015,258.506989,29717000
17/08/2015,257.976013,21617900
18/08/2015,211.078995,42147200
19/08/2015,226.684006,60869200
20/08/2015,235.350006,32275000
21/08/2015,232.569,23173800
22/08/2015,230.389999,23205900
23/08/2015,228.169006,18406600
24/08/2015,210.494995,59220700
25/08/2015,221.608994,61089200
26/08/2015,225.830994,31808000
27/08/2015,224.768997,21905400
28/08/2015,231.395996,31336600
29/08/2015,229.779999,17142500
30/08/2015,228.761002,19412600
31/08/2015,230.056,20710700
01/09/2015,228.121002,20575200
02/09/2015,229.283997,18760400
03/09/2015,227.182999,17482000
04/09/2015,230.298004,20962400
05/09/2015,235.018997,20671400
06/09/2015,239.839996,25473700
07/09/2015,239.847,21192200
08/09/2015,243.606995,26879200
09/09/2015,238.167999,23635700
10/09/2015,238.477005,21215500
11/09/2015,240.106995,19224700
12/09/2015,235.229004,17962600
13/09/2015,230.511993,18478800
14/09/2015,230.643997,20997800
15/09/2015,230.304001,19177800
16/09/2015,229.091003,20144200
17/09/2015,229.809998,18935400
18/09/2015,232.975006,20242200
19/09/2015,231.492996,12712600
20/09/2015,231.212006,14444700
21/09/2015,227.085007,19678800
22/09/2015,230.617996,25009300
23/09/2015,230.283005,17254100
24/09/2015,234.529007,25097800
25/09/2015,235.143997,22363600
26/09/2015,234.339996,13724100
27/09/2015,232.757004,14179900
28/09/2015,239.141998,24713000
29/09/2015,236.686996,22691300
30/09/2015,236.059998,19743500
01/10/2015,237.548996,20488800
02/10/2015,237.292999,19677900
03/10/2015,238.729996,16482700
04/10/2015,238.259003,12999000
05/10/2015,240.382996,23335900
06/10/2015,246.063004,27535100
07/10/2015,242.968994,22999200
08/10/2015,242.304001,18515300
09/10/2015,243.931,17353100
10/10/2015,244.940994,15912700
11/10/2015,247.050003,16827300
12/10/2015,245.307999,17388300
13/10/2015,249.507996,28198500
14/10/2015,251.988998,27462600
15/10/2015,254.320007,25223500
16/10/2015,262.868988,35901500
17/10/2015,270.640015,43199600
18/10/2015,261.643005,22434300
19/10/2015,263.437012,25258800
20/10/2015,269.463013,30889800
21/10/2015,266.272003,25637300
22/10/2015,274.02301,37808600
23/10/2015,276.496002,29442500
24/10/2015,281.653992,25942400
25/10/2015,283.679993,45717100
26/10/2015,285.299988,32108800
27/10/2015,293.787994,46331800
28/10/2015,304.618011,50808100
29/10/2015,313.855011,64495900
30/10/2015,328.015015,78305000
31/10/2015,314.165985,48598100
01/11/2015,325.431,37001100
02/11/2015,361.188995,101918000
03/11/2015,403.416992,206162000
04/11/2015,411.562988,263900000
05/11/2015,386.354004,151824992
06/11/2015,374.470001,122687000
07/11/2015,386.481995,56625100
08/11/2015,373.368011,51817600
09/11/2015,380.256989,68224400
10/11/2015,336.819,95797904
11/11/2015,311.084015,107070000
12/11/2015,338.152008,78477800
13/11/2015,336.752991,52003000
14/11/2015,332.906006,38612000
15/11/2015,320.165985,44213100
16/11/2015,330.751007,47980100
17/11/2015,335.093994,51001600
18/11/2015,334.589996,43783800
19/11/2015,326.148987,45011100
20/11/2015,322.022003,53152900
21/11/2015,326.927002,28200500
22/11/2015,324.536011,23439400
23/11/2015,323.04599,27478900
24/11/2015,320.04599,29362600
25/11/2015,328.205994,41666900
26/11/2015,352.68399,106105000
27/11/2015,358.041992,55179100
28/11/2015,357.381012,36816600
29/11/2015,371.294006,40409300
30/11/2015,377.321014,71701600
01/12/2015,362.488007,60452200
02/12/2015,359.187012,54160500
03/12/2015,361.04599,50714900
04/12/2015,363.183014,35784100
05/12/2015,388.949005,66282200
06/12/2015,388.78299,77762000
07/12/2015,395.536011,63455800
08/12/2015,415.562988,57801400
09/12/2015,417.562988,90917200
10/12/2015,415.479004,52138900
11/12/2015,451.937988,110944000
12/12/2015,434.997009,131969000
13/12/2015,433.755005,55050600
14/12/2015,444.182007,130496000
15/12/2015,465.321014,83121104
16/12/2015,454.93399,107944000
17/12/2015,456.078003,47978400
18/12/2015,463.615997,60220100
19/12/2015,462.321991,47892700
20/12/2015,442.684998,75409400
21/12/2015,438.639008,77639696
22/12/2015,436.571991,50840400
23/12/2015,442.401001,47161400
24/12/2015,454.984985,57157200
25/12/2015,455.653015,39078500
26/12/2015,417.273987,116166000
27/12/2015,422.822998,53591200
28/12/2015,422.278992,49638600
29/12/2015,432.983002,51596500
30/12/2015,426.619995,46889400
31/12/2015,430.566986,45996600
01/01/2016,434.334015,36278900
02/01/2016,433.437988,30096600
03/01/2016,430.010986,39633800
04/01/2016,433.091003,38477500
05/01/2016,431.959991,34522600
06/01/2016,429.105011,34042500
07/01/2016,458.048004,87562200
08/01/2016,453.230011,56993000
09/01/2016,447.610992,32278000
10/01/2016,447.990997,35995900
11/01/2016,448.428009,40450000
12/01/2016,435.690002,115607000
13/01/2016,432.371002,173888000
14/01/2016,430.306,43945500
15/01/2016,364.330994,153351008
16/01/2016,387.536011,120352000
17/01/2016,382.299011,45319600
18/01/2016,387.167999,54403900
19/01/2016,380.148987,46819800
20/01/2016,420.230011,121720000
21/01/2016,410.261993,68338000
22/01/2016,382.492004,91546600
23/01/2016,387.490997,56247400
24/01/2016,402.971008,54824800
25/01/2016,391.726013,59062400
26/01/2016,392.153015,58147000
27/01/2016,394.971985,47424400
28/01/2016,380.289001,59247900
29/01/2016,379.473999,86125296
30/01/2016,378.255005,30284400
31/01/2016,368.766998,37894300
01/02/2016,373.056,51656700
02/02/2016,374.447998,40378700
03/02/2016,369.949005,45933400
04/02/2016,389.593994,69285504
05/02/2016,386.549011,43825000
06/02/2016,376.522003,49249300
07/02/2016,376.619995,37076300
08/02/2016,373.446991,47671100
09/02/2016,376.028992,55318500
10/02/2016,381.648987,85130896
11/02/2016,379.653992,74375600
12/02/2016,384.263,67042800
13/02/2016,391.859985,61911700
14/02/2016,407.230011,74469800
15/02/2016,400.184998,74070496
16/02/2016,407.488007,73093104
17/02/2016,416.321991,83193600
18/02/2016,422.372986,76752600
19/02/2016,420.785004,55711300
20/02/2016,437.164001,93992096
21/02/2016,438.798004,89820704
22/02/2016,437.747986,85385200
23/02/2016,420.735992,85244896
24/02/2016,424.954987,67743696
25/02/2016,424.544006,70798000
26/02/2016,432.152008,61486000
27/02/2016,432.519012,41893600
28/02/2016,433.503998,53033400
29/02/2016,437.696991,60694700
01/03/2016,435.122986,74895800
02/03/2016,423.989014,74955296
03/03/2016,421.651001,100484000
04/03/2016,410.938995,90856096
05/03/2016,400.570007,135384992
06/03/2016,407.707001,91212496
07/03/2016,414.321014,85762400
08/03/2016,413.971985,70311696
09/03/2016,414.859985,70012304
10/03/2016,417.131012,81022896
11/03/2016,421.690002,73969696
12/03/2016,411.623993,92712896
13/03/2016,414.065002,74322800
14/03/2016,416.437988,95259400
15/03/2016,416.829987,66781700
16/03/2016,417.010986,65185800
17/03/2016,420.621002,83528600
18/03/2016,409.548004,104940000
19/03/2016,410.444,58423000
20/03/2016,413.755005,45947900
21/03/2016,413.307007,61655400
22/03/2016,418.088989,66813300
23/03/2016,418.040985,61444200
24/03/2016,416.394012,68346704
25/03/2016,417.177002,52560000
26/03/2016,417.945007,44650400
27/03/2016,426.765015,71229400
28/03/2016,424.230988,68522800
29/03/2016,416.515991,75411504
30/03/2016,414.81601,66034100
31/03/2016,416.729004,60215200
01/04/2016,417.959991,51235700
02/04/2016,420.872986,45681200
03/04/2016,420.903992,38053700
04/04/2016,421.444,50634300
05/04/2016,424.029999,60718000
06/04/2016,423.412994,59091000
07/04/2016,422.744995,57858600
08/04/2016,420.348999,63454700
09/04/2016,419.411011,49792700
10/04/2016,421.563995,73478600
11/04/2016,422.483002,50747500
12/04/2016,425.190002,70728800
13/04/2016,423.734009,69060400
14/04/2016,424.282013,45281000
15/04/2016,429.713013,54801500
16/04/2016,430.571991,39392800
17/04/2016,427.398987,52125900
18/04/2016,428.591003,55670900
19/04/2016,435.509003,52810500
20/04/2016,441.389008,72890096
21/04/2016,449.424988,68204704
22/04/2016,445.737,58804400
23/04/2016,450.282013,50485400
24/04/2016,458.554993,68198400
25/04/2016,461.425995,87091800
26/04/2016,466.088989,78971904
27/04/2016,444.687012,93564896
28/04/2016,449.010986,74064704
29/04/2016,455.096985,49258500
30/04/2016,448.317993,69322600
01/05/2016,451.875,40660100
02/05/2016,444.669006,92127000
03/05/2016,450.303986,59366400
04/05/2016,446.721985,50407300
05/05/2016,447.976013,50440800
06/05/2016,459.602997,72796800
07/05/2016,458.536011,38364500
08/05/2016,458.548004,40315000
09/05/2016,460.483002,55493100
10/05/2016,450.894989,58956100
11/05/2016,452.727997,50605200
12/05/2016,454.765991,59849300
13/05/2016,455.670013,60845000
14/05/2016,455.67099,37209000
15/05/2016,457.567993,28514000
16/05/2016,454.162994,59171500
17/05/2016,453.78299,64100300
18/05/2016,454.618988,86850096
19/05/2016,438.714996,96027400
20/05/2016,442.675995,81987904
21/05/2016,443.187988,42762300
22/05/2016,439.322998,39657600
23/05/2016,444.154999,50582500
24/05/2016,445.980988,65783100
25/05/2016,449.598999,65231000
26/05/2016,453.384003,65203800
27/05/2016,473.463989,164780992
28/05/2016,530.039978,181199008
29/05/2016,526.232971,148736992
30/05/2016,533.864014,87958704
31/05/2016,531.385986,138450000
01/06/2016,536.919983,86061800
02/06/2016,537.971985,60378200
03/06/2016,569.19397,122020000
04/06/2016,572.72699,94925296
05/06/2016,574.97699,68874096
06/06/2016,585.536987,72138896
07/06/2016,576.596985,107770000
08/06/2016,581.64502,80265800
09/06/2016,574.630005,71301000
10/06/2016,577.469971,66991900
11/06/2016,606.72699,82357000
12/06/2016,672.783997,277084992
13/06/2016,704.375977,243295008
14/06/2016,685.559021,186694000
15/06/2016,694.468994,99223800
16/06/2016,766.307983,271633984
17/06/2016,748.908997,363320992
18/06/2016,756.22699,252718000
19/06/2016,763.781006,136184992
20/06/2016,737.226013,174511008
21/06/2016,666.651978,309944000
22/06/2016,596.116028,266392992
23/06/2016,623.97699,253462000
24/06/2016,665.299011,224316992
25/06/2016,665.122986,126656000
26/06/2016,629.367004,109225000
27/06/2016,655.275024,122134000
28/06/2016,647.000977,138384992
29/06/2016,639.890015,142456000
30/06/2016,673.336975,138980000
01/07/2016,676.296021,134431008
02/07/2016,703.702026,112354000
03/07/2016,658.664001,129512000
04/07/2016,683.661987,92008400
05/07/2016,670.627014,130476000
06/07/2016,677.330994,134960992
07/07/2016,640.562012,258091008
08/07/2016,666.52301,141970000
09/07/2016,650.960022,180536000
10/07/2016,649.359985,102532000
11/07/2016,647.658997,107910000
12/07/2016,664.551025,138172992
13/07/2016,654.468018,131449000
14/07/2016,658.078003,98511400
15/07/2016,663.255005,81673104
16/07/2016,660.767029,50330200
17/07/2016,679.458984,74407904
18/07/2016,673.106018,69465000
19/07/2016,672.864014,61203300
20/07/2016,665.684998,94636400
21/07/2016,665.012024,60491800
22/07/2016,650.619019,134169000
23/07/2016,655.55603,69532200
24/07/2016,661.284973,118184000
25/07/2016,654.096985,78176496
26/07/2016,651.783997,225135008
27/07/2016,654.35199,147460992
28/07/2016,655.034973,86428400
29/07/2016,656.992004,60703500
30/07/2016,655.046997,38456100
31/07/2016,624.68103,110818000
01/08/2016,606.271973,121887000
02/08/2016,547.465027,330932992
03/08/2016,566.35498,207982000
04/08/2016,578.289001,125292000
05/08/2016,575.04303,66127900
06/08/2016,587.778015,80797296
07/08/2016,592.690002,82398400
08/08/2016,591.054016,61194100
09/08/2016,587.801025,92228096
10/08/2016,592.103027,102905000
11/08/2016,589.119995,74514400
12/08/2016,587.559021,69218000
13/08/2016,585.588013,43563000
14/08/2016,570.473022,60851100
15/08/2016,567.23999,57262300
16/08/2016,577.439026,58405200
17/08/2016,573.216003,54443000
18/08/2016,574.317993,59896600
19/08/2016,575.630005,50631600
20/08/2016,581.697021,45301400
21/08/2016,581.307983,38299400
22/08/2016,586.752991,72844000
23/08/2016,583.414978,85349200
24/08/2016,580.182007,56328200
25/08/2016,577.760986,136130000
26/08/2016,579.651001,48856800
27/08/2016,569.947021,59698300
28/08/2016,573.911987,86301600
29/08/2016,574.106995,110398000
30/08/2016,577.502991,70342400
31/08/2016,575.471985,75840896
01/09/2016,572.302979,76923400
02/09/2016,575.536987,79910800
03/09/2016,598.211975,159014000
04/09/2016,608.633972,97942896
05/09/2016,606.590027,82446800
06/09/2016,610.435974,78529104
07/09/2016,614.544006,75032400
08/09/2016,626.315979,86713000
09/09/2016,622.861023,64550200
10/09/2016,623.508972,45016800
11/09/2016,606.718994,73610800
12/09/2016,608.242981,72812304
13/09/2016,609.241028,86920600
14/09/2016,610.684021,47877700
15/09/2016,607.155029,59464600
16/09/2016,606.973022,64963400
17/09/2016,605.984009,37140300
18/09/2016,609.874023,48679400
19/09/2016,609.22699,54796400
20/09/2016,608.312012,72710896
21/09/2016,597.148987,82776200
22/09/2016,596.297974,67085300
23/09/2016,602.84198,51067000
24/09/2016,602.625,35359500
25/09/2016,600.825989,33977800
26/09/2016,608.04303,59153800
27/09/2016,606.166016,49422400
28/09/2016,604.728027,48722600
29/09/2016,605.692993,55658600
30/09/2016,609.734985,56122400
01/10/2016,613.982971,56357000
02/10/2016,610.892029,39249800
03/10/2016,612.132996,46798300
04/10/2016,610.203979,49801600
05/10/2016,612.510986,68077504
06/10/2016,613.020996,56812100
07/10/2016,617.120972,64071400
08/10/2016,619.107971,42345900
09/10/2016,616.752014,39243400
10/10/2016,618.994019,67481104
11/10/2016,641.072021,103590000
12/10/2016,636.192017,92370200
13/10/2016,636.786011,61620700
14/10/2016,640.377991,58144600
15/10/2016,638.645996,39035400
16/10/2016,641.630981,40298100
17/10/2016,639.192993,58063600
18/10/2016,637.960022,65546700
19/10/2016,630.52002,69381696
20/10/2016,630.856995,56957300
21/10/2016,632.828003,55951000
22/10/2016,657.294006,78556496
23/10/2016,657.070984,54474600
24/10/2016,653.760986,62218200
25/10/2016,657.588013,90378800
26/10/2016,678.304016,88877104
27/10/2016,688.312988,96105296
28/10/2016,689.651001,81145504
29/10/2016,714.479004,134760992
30/10/2016,701.864014,100665000
31/10/2016,700.971985,97064400
01/11/2016,729.79303,130527000
02/11/2016,740.828979,84865200
03/11/2016,688.700012,172808000
04/11/2016,703.234985,99907696
05/11/2016,703.41803,53752300
06/11/2016,711.521973,59902200
07/11/2016,703.130981,65047100
08/11/2016,709.848022,79660800
09/11/2016,723.27301,132429000
10/11/2016,715.533997,68807800
11/11/2016,716.411011,63119700
12/11/2016,705.054016,64622500
13/11/2016,702.031006,80318096
14/11/2016,705.020996,62993000
15/11/2016,711.619019,72038496
16/11/2016,744.197998,141294000
17/11/2016,740.97699,108579000
18/11/2016,751.585022,87363104
19/11/2016,751.616028,110608000
20/11/2016,731.026001,154116000
21/11/2016,739.247986,60802400
22/11/2016,751.346985,129906000
23/11/2016,744.593994,76543800
24/11/2016,740.289001,85919296
25/11/2016,741.648987,67807600
26/11/2016,735.382019,54962700
27/11/2016,732.034973,52601800
28/11/2016,735.812988,61888600
29/11/2016,735.604004,68511104
30/11/2016,745.690979,84070800
01/12/2016,756.773987,80461904
02/12/2016,777.94397,127605000
03/12/2016,771.155029,69547296
04/12/2016,773.872009,60557900
05/12/2016,758.700012,106363000
06/12/2016,764.223999,116218000
07/12/2016,768.132019,96426096
08/12/2016,770.809998,80111904
09/12/2016,772.794006,68705296
10/12/2016,774.650024,53843100
11/12/2016,769.731018,57313400
12/12/2016,780.086975,76571000
13/12/2016,780.55603,81645600
14/12/2016,781.481018,75979000
15/12/2016,778.088013,81580096
16/12/2016,784.906982,83608200
17/12/2016,790.828979,78989800
18/12/2016,790.530029,60524400
19/12/2016,792.713989,74886400
20/12/2016,800.875977,99629296
21/12/2016,834.281006,155576000
22/12/2016,864.539978,200027008
23/12/2016,921.984009,275564000
24/12/2016,898.822021,137727008
25/12/2016,896.182983,143664992
26/12/2016,907.609985,123771000
27/12/2016,933.197998,167308000
28/12/2016,975.921021,236630000
29/12/2016,973.497009,199320000
30/12/2016,961.237976,187474000
31/12/2016,963.742981,99135104
01/01/2017,998.325012,147775008
02/01/2017,1021.75,222184992
03/01/2017,1043.839966,185168000
04/01/2017,1154.72998,344945984
05/01/2017,1013.380005,510199008
06/01/2017,902.200989,351876000
07/01/2017,908.585022,279550016
08/01/2017,911.198975,158715008
09/01/2017,902.828003,141876992
10/01/2017,907.679016,115808000
11/01/2017,777.757019,310928992
12/01/2017,804.833984,222326000
13/01/2017,823.984009,168968000
14/01/2017,818.411987,93063296
15/01/2017,821.797974,71013600
16/01/2017,831.533997,82755200
17/01/2017,907.937988,155095008
18/01/2017,886.617981,225676992
19/01/2017,899.072998,105625000
20/01/2017,895.026001,86728400
21/01/2017,921.789001,111158000
22/01/2017,924.672974,116573000
23/01/2017,921.012024,73588600
24/01/2017,892.687012,111349000
25/01/2017,901.541992,120831000
26/01/2017,917.585999,131958000
27/01/2017,919.75,125594000
28/01/2017,921.590027,68979600
29/01/2017,919.495972,60851700
30/01/2017,920.382019,78227296
31/01/2017,970.403015,164582000
01/02/2017,989.02301,150110000
02/02/2017,1011.799988,145820992
03/02/2017,1029.910034,201278000
04/02/2017,1042.900024,155064000
05/02/2017,1027.339966,114208000
06/02/2017,1038.150024,111762000
07/02/2017,1061.349976,146007008
08/02/2017,1063.069946,201855008
09/02/2017,994.382996,407220000
10/02/2017,988.674011,190452000
11/02/2017,1004.450012,102261000
12/02/2017,999.18103,67530000
13/02/2017,990.642029,100607000
14/02/2017,1004.549988,137946000
15/02/2017,1007.47998,89759400
16/02/2017,1027.439941,122277000
17/02/2017,1046.209961,136474000
18/02/2017,1054.420044,99073504
19/02/2017,1047.869995,77423296
20/02/2017,1079.97998,109478000
21/02/2017,1115.300049,186868992
22/02/2017,1117.439941,136100000
23/02/2017,1166.719971,189454000
24/02/2017,1173.680054,330759008
25/02/2017,1143.839966,139960992
26/02/2017,1165.199951,116486000
27/02/2017,1179.969971,131570000
28/02/2017,1179.969971,184956000
01/03/2017,1222.5,229056992
02/03/2017,1251.01001,368275008
03/03/2017,1274.98999,315739008
04/03/2017,1255.150024,183270000
05/03/2017,1267.119995,134127000
06/03/2017,1272.829956,153656992
07/03/2017,1223.540039,291256000
08/03/2017,1150,332603008
09/03/2017,1188.48999,212283008
10/03/2017,1116.719971,563795968
11/03/2017,1175.829956,283320000
12/03/2017,1221.380005,227176000
13/03/2017,1231.920044,380276992
14/03/2017,1240,245306000
15/03/2017,1249.609985,297804992
16/03/2017,1187.810059,638568000
17/03/2017,1100.22998,706598976
18/03/2017,973.817993,621302016
19/03/2017,1036.73999,406648000
20/03/2017,1054.22998,286529984
21/03/2017,1120.540039,337391008
22/03/2017,1049.140015,380840992
23/03/2017,1038.589966,248540000
24/03/2017,937.52002,491038016
25/03/2017,972.778992,435803008
26/03/2017,966.724976,303668000
27/03/2017,1045.77002,372535008
28/03/2017,1047.150024,326332000
29/03/2017,1039.969971,298457984
30/03/2017,1026.430054,352968992
31/03/2017,1071.790039,447287008
01/04/2017,1080.5,289633984
02/04/2017,1102.170044,514187008
03/04/2017,1143.810059,580444032
04/04/2017,1133.25,436310016
05/04/2017,1124.780029,414784000
06/04/2017,1182.680054,511222016
07/04/2017,1176.900024,317022016
08/04/2017,1175.949951,209312000
09/04/2017,1187.869995,242343008
10/04/2017,1187.130005,215883008
11/04/2017,1205.01001,216182000
12/04/2017,1200.369995,288702016
13/04/2017,1169.280029,351968992
14/04/2017,1167.540039,254827008
15/04/2017,1172.52002,203559008
16/04/2017,1182.939941,183231008
17/04/2017,1193.910034,253206000
18/04/2017,1211.670044,270524000
19/04/2017,1210.290039,288060992
20/04/2017,1229.079956,315108000
21/04/2017,1222.050049,272167008
22/04/2017,1231.709961,249320000
23/04/2017,1207.209961,258951008
24/04/2017,1250.150024,235806000
25/04/2017,1265.48999,242556000
26/04/2017,1281.079956,329631008
27/04/2017,1317.72998,449196992
28/04/2017,1316.47998,527488992
29/04/2017,1321.790039,422705984
30/04/2017,1347.890015,413115008
01/05/2017,1421.599976,713624000
02/05/2017,1452.819946,477337984
03/05/2017,1490.089966,583795968
04/05/2017,1537.670044,933548992
05/05/2017,1555.449951,946035968
06/05/2017,1578.800049,582529984
07/05/2017,1596.709961,1080029952
08/05/2017,1723.349976,1340320000
09/05/2017,1755.359985,1167920000
10/05/2017,1787.130005,915723008
11/05/2017,1848.569946,799489984
12/05/2017,1724.23999,740984000
13/05/2017,1804.910034,579635008
14/05/2017,1808.910034,437196000
15/05/2017,1738.430054,731529024
16/05/2017,1734.449951,959044992
17/05/2017,1839.089966,1064729984
18/05/2017,1888.650024,894321024
19/05/2017,1987.709961,1157289984
20/05/2017,2084.72998,961336000
21/05/2017,2041.199951,1147859968
22/05/2017,2173.399902,1942220032
23/05/2017,2320.419922,1378749952
24/05/2017,2443.639893,1725379968
25/05/2017,2304.97998,2406700032
26/05/2017,2202.419922,1763480064
27/05/2017,2038.869995,1700480000
28/05/2017,2155.800049,1147139968
29/05/2017,2255.610107,994625024
30/05/2017,2175.469971,1443970048
31/05/2017,2286.409912,1544829952
01/06/2017,2407.879883,1653180032
02/06/2017,2488.550049,1317030016
03/06/2017,2515.350098,1514950016
04/06/2017,2511.810059,1355120000
05/06/2017,2686.810059,1369309952
06/06/2017,2863.199951,2089609984
07/06/2017,2732.159912,1517709952
08/06/2017,2805.620117,1281170048
09/06/2017,2823.810059,1348950016
10/06/2017,2947.709961,2018889984
11/06/2017,2958.110107,1752400000
12/06/2017,2659.629883,2569530112
13/06/2017,2717.02002,1781200000
14/06/2017,2506.370117,1696560000
15/06/2017,2464.580078,2026259968
16/06/2017,2518.560059,1195190016
17/06/2017,2655.879883,1534509952
18/06/2017,2548.290039,1178659968
19/06/2017,2589.600098,1446840064
20/06/2017,2721.790039,1854189952
21/06/2017,2689.100098,1626579968
22/06/2017,2705.409912,1097939968
23/06/2017,2744.909912,961318976
24/06/2017,2608.719971,982750016
25/06/2017,2589.409912,1161100032
26/06/2017,2478.449951,1663280000
27/06/2017,2552.449951,1489789952
28/06/2017,2574.790039,1183869952
29/06/2017,2539.320068,949979008
30/06/2017,2480.840088,860273024
01/07/2017,2434.550049,779913984
02/07/2017,2506.469971,803747008
03/07/2017,2564.060059,964112000
04/07/2017,2601.639893,985516032
05/07/2017,2601.98999,941566016
06/07/2017,2608.560059,761956992
07/07/2017,2518.659912,917411968
08/07/2017,2571.340088,733329984
09/07/2017,2518.439941,527856000
10/07/2017,2372.560059,1111200000
11/07/2017,2337.790039,1329760000
12/07/2017,2398.840088,1117410048
13/07/2017,2357.899902,835769984
14/07/2017,2233.340088,882502976
15/07/2017,1998.859985,993608000
16/07/2017,1929.819946,1182870016
17/07/2017,2228.409912,1201760000
18/07/2017,2318.879883,1512450048
19/07/2017,2273.429932,1245100032
20/07/2017,2817.600098,2249260032
21/07/2017,2667.76001,1489449984
22/07/2017,2810.120117,1177129984
23/07/2017,2730.399902,1072840000
24/07/2017,2754.860107,866473984
25/07/2017,2576.47998,1460089984
26/07/2017,2529.449951,937404032
27/07/2017,2671.780029,789104000
28/07/2017,2809.01001,1380099968
29/07/2017,2726.449951,803745984
30/07/2017,2757.179932,705942976
31/07/2017,2875.340088,860574976
01/08/2017,2718.26001,1324669952
02/08/2017,2710.669922,1094950016
03/08/2017,2804.72998,804796992
04/08/2017,2895.889893,1002120000
05/08/2017,3252.909912,1945699968
06/08/2017,3213.939941,1105030016
07/08/2017,3378.939941,1482279936
08/08/2017,3419.939941,1752760064
09/08/2017,3342.469971,1468960000
10/08/2017,3381.280029,1515110016
11/08/2017,3650.620117,2021190016
12/08/2017,3884.709961,2219589888
13/08/2017,4073.26001,3159089920
14/08/2017,4325.129883,2463089920
15/08/2017,4181.930176,3258050048
16/08/2017,4376.629883,2272039936
17/08/2017,4331.689941,2553359872
18/08/2017,4160.620117,2941710080
19/08/2017,4193.700195,2975820032
20/08/2017,4087.659912,2109769984
21/08/2017,4001.73999,2800890112
22/08/2017,4100.52002,3764239872
23/08/2017,4151.52002,2369819904
24/08/2017,4334.680176,2037750016
25/08/2017,4371.600098,1727970048
26/08/2017,4352.399902,1511609984
27/08/2017,4382.879883,1537459968
28/08/2017,4382.660156,1959330048
29/08/2017,4579.02002,2486080000
30/08/2017,4565.299805,1937849984
31/08/2017,4703.390137,1944930048
01/09/2017,4892.009766,2599079936
02/09/2017,4578.77002,2722139904
03/09/2017,4582.959961,1933190016
04/09/2017,4236.310059,2987330048
05/09/2017,4376.529785,2697969920
06/09/2017,4597.120117,2172100096
07/09/2017,4599.879883,1844620032
08/09/2017,4228.75,2700890112
09/09/2017,4226.060059,1386230016
10/09/2017,4122.939941,1679090048
11/09/2017,4161.27002,1557330048
12/09/2017,4130.810059,1864530048
13/09/2017,3882.590088,2219409920
14/09/2017,3154.949951,2716310016
15/09/2017,3637.52002,4148069888
16/09/2017,3625.040039,1818400000
17/09/2017,3582.879883,1239149952
18/09/2017,4065.199951,1943209984
19/09/2017,3924.969971,1563980032
20/09/2017,3905.949951,1213830016
21/09/2017,3631.040039,1411480064
22/09/2017,3630.699951,1194829952
23/09/2017,3792.399902,928113984
24/09/2017,3682.840088,768014976
25/09/2017,3926.070068,1374210048
26/09/2017,3892.350098,1043740032
27/09/2017,4200.669922,1686880000
28/09/2017,4174.72998,1712320000
29/09/2017,4163.069824,1367049984
30/09/2017,4338.709961,1207449984
01/10/2017,4403.740234,1208210048
02/10/2017,4409.319824,1431730048
03/10/2017,4317.47998,1288019968
04/10/2017,4229.359863,1116770048
05/10/2017,4328.410156,1161769984
06/10/2017,4370.810059,1069939968
07/10/2017,4426.890137,906928000
08/10/2017,4610.47998,1313869952
09/10/2017,4772.02002,1968739968
10/10/2017,4781.990234,1597139968
11/10/2017,4826.47998,1222279936
12/10/2017,5446.910156,2791610112
13/10/2017,5647.209961,3615480064
14/10/2017,5831.790039,1669030016
15/10/2017,5678.189941,1976039936
16/10/2017,5725.589844,2008070016
17/10/2017,5605.509766,1821570048
18/10/2017,5590.689941,2399269888
19/10/2017,5708.52002,1780540032
20/10/2017,6011.450195,2354429952
21/10/2017,6031.600098,2207099904
22/10/2017,6008.419922,2034630016
23/10/2017,5930.319824,2401840128
24/10/2017,5526.640137,2735699968
25/10/2017,5750.799805,1966989952
26/10/2017,5904.830078,1905040000
27/10/2017,5780.899902,1710130048
28/10/2017,5753.089844,1403920000
29/10/2017,6153.850098,2859040000
30/10/2017,6130.529785,1772150016
31/10/2017,6468.399902,2311379968
01/11/2017,6767.310059,2870320128
02/11/2017,7078.5,4653770240
03/11/2017,7207.759766,3369860096
04/11/2017,7379.950195,2483800064
05/11/2017,7407.410156,2380410112
06/11/2017,7022.759766,3111899904
07/11/2017,7144.379883,2326340096
08/11/2017,7459.689941,4602200064
09/11/2017,7143.580078,3226249984
10/11/2017,6618.140137,5208249856
11/11/2017,6357.600098,4908680192
12/11/2017,5950.069824,8957349888
13/11/2017,6559.490234,6263249920
14/11/2017,6635.75,3197110016
15/11/2017,7315.540039,4200880128
16/11/2017,7871.689941,5123809792
17/11/2017,7708.990234,4651670016
18/11/2017,7790.149902,3667190016
19/11/2017,8036.490234,3149319936
20/11/2017,8200.639648,3488450048
21/11/2017,8071.259766,4277609984
22/11/2017,8253.549805,3633530112
23/11/2017,8038.77002,4225179904
24/11/2017,8253.69043,5058610176
25/11/2017,8790.919922,4342060032
26/11/2017,9330.549805,5475579904
27/11/2017,9818.349609,5653320192
28/11/2017,10058.79981,6348819968
29/11/2017,9888.610352,11568799744
30/11/2017,10233.59961,8310689792
01/12/2017,10975.59961,6783119872
02/12/2017,11074.59961,5138500096
03/12/2017,11323.2002,6608309760
04/12/2017,11657.2002,6132409856
05/12/2017,11916.7002,6895260160
06/12/2017,14291.5,12656300032
07/12/2017,17899.69922,17950699520
08/12/2017,16569.40039,21135998976
09/12/2017,15178.2002,13911300096
10/12/2017,15455.40039,13433299968
11/12/2017,16936.80078,12153900032
12/12/2017,17415.40039,14603799552
13/12/2017,16408.19922,12976900096
14/12/2017,16564,13777399808
15/12/2017,17706.90039,14309999616
16/12/2017,19497.40039,12740599808
17/12/2017,19140.80078,13314599936
18/12/2017,19114.19922,14839499776
19/12/2017,17776.69922,16894499840
20/12/2017,16624.59961,22149699584
21/12/2017,15802.90039,16516599808
22/12/2017,13831.79981,22197999616
23/12/2017,14699.2002,13086000128
24/12/2017,13925.79981,11572299776
25/12/2017,14026.59961,10664699904
26/12/2017,16099.79981,13454300160
27/12/2017,15838.5,12487600128
28/12/2017,14606.5,12336499712
29/12/2017,14656.2002,13025500160
30/12/2017,12952.2002,14452599808
31/12/2017,14156.40039,12136299520
01/01/2018,13657.2002,10291200000
02/01/2018,14982.09961,16846600192
03/01/2018,15201,16871900160
04/01/2018,15599.2002,21783199744
05/01/2018,17429.5,23840899072
06/01/2018,17527,18314600448
07/01/2018,16477.59961,15866000384
08/01/2018,15170.09961,18413899776
09/01/2018,14595.40039,16659999744
10/01/2018,14973.29981,18500800512
11/01/2018,13405.79981,16534099968
12/01/2018,13980.59961,12065699840
13/01/2018,14360.2002,12763599872
14/01/2018,13772,11084099584
15/01/2018,13819.79981,12750799872
16/01/2018,11490.5,18853799936
17/01/2018,11188.59961,18830600192
18/01/2018,11474.90039,15020399616
19/01/2018,11607.40039,10740400128
20/01/2018,12899.2002,11801700352
21/01/2018,11600.09961,9935179776
22/01/2018,10931.40039,10537400320
23/01/2018,10868.40039,9660609536
24/01/2018,11359.40039,9940989952
25/01/2018,11259.40039,8873169920
26/01/2018,11171.40039,9746199552
27/01/2018,11440.7002,7583269888
28/01/2018,11786.29981,8350360064
29/01/2018,11296.40039,7107359744
30/01/2018,10106.29981,8637859840
31/01/2018,10221.09961,8041160192
01/02/2018,9170.540039,9959400448
02/02/2018,8830.75,12726899712
03/02/2018,9174.910156,7263790080
04/02/2018,8277.009766,7073549824
05/02/2018,6955.27002,9285289984
06/02/2018,7754,13999800320
07/02/2018,7621.299805,9169280000
08/02/2018,8265.589844,9346750464
09/02/2018,8736.980469,6784820224
10/02/2018,8621.900391,7780960256
11/02/2018,8129.970215,6122189824
12/02/2018,8926.570313,6256439808
13/02/2018,8598.30957,5696719872
14/02/2018,9494.629883,7909819904
15/02/2018,10166.40039,9062540288
16/02/2018,10233.90039,7296159744
17/02/2018,11112.7002,8660880384
18/02/2018,10551.79981,8744009728
19/02/2018,11225.29981,7652089856
20/02/2018,11403.7002,9926540288
21/02/2018,10690.40039,9405339648
22/02/2018,10005,8040079872
23/02/2018,10301.09961,7739500032
24/02/2018,9813.070313,6917929984
25/02/2018,9664.730469,5706939904
26/02/2018,10366.7002,7287690240
27/02/2018,10725.59961,6966179840
28/02/2018,10397.90039,6936189952
01/03/2018,10951,7317279744
02/03/2018,11086.40039,7620590080
03/03/2018,11489.7002,6690570240
04/03/2018,11512.59961,6084149760
05/03/2018,11573.29981,6468539904
06/03/2018,10779.90039,6832169984
07/03/2018,9965.570313,8797910016
08/03/2018,9395.009766,7186089984
09/03/2018,9337.549805,8704190464
10/03/2018,8866,5386319872
11/03/2018,9578.629883,6296370176
12/03/2018,9205.120117,6457399808
13/03/2018,9194.849609,5991139840
14/03/2018,8269.80957,6438230016
15/03/2018,8300.860352,6834429952
16/03/2018,8338.349609,5289379840
17/03/2018,7916.879883,4426149888
18/03/2018,8223.679688,6639190016
19/03/2018,8630.650391,6729110016
20/03/2018,8913.469727,6361789952
21/03/2018,8929.280273,6043129856
22/03/2018,8728.469727,5530390016
23/03/2018,8879.620117,5954120192
24/03/2018,8668.120117,5664600064
25/03/2018,8495.780273,4569880064
26/03/2018,8209.400391,5921039872
27/03/2018,7833.040039,5378250240
28/03/2018,7954.47998,4935289856
29/03/2018,7165.700195,6361229824
30/03/2018,6890.52002,6289509888
31/03/2018,6973.529785,4553269760
01/04/2018,6844.22998,4532100096
02/04/2018,7083.799805,4333440000
03/04/2018,7456.109863,5499700224
04/04/2018,6853.839844,4936000000
05/04/2018,6811.470215,5639320064
06/04/2018,6636.319824,3766810112
07/04/2018,6911.089844,3976610048
08/04/2018,7023.52002,3652499968
09/04/2018,6770.72998,4894060032
10/04/2018,6834.759766,4272750080
11/04/2018,6968.319824,4641889792
12/04/2018,7889.25,8906250240
13/04/2018,7895.959961,7764460032
14/04/2018,7986.240234,5191430144
15/04/2018,8329.110352,5244480000
16/04/2018,8058.669922,5631309824
17/04/2018,7902.089844,6900879872
18/04/2018,8163.419922,6529909760
19/04/2018,8294.30957,7063209984
20/04/2018,8845.830078,8438110208
21/04/2018,8895.580078,7548550144
22/04/2018,8802.459961,6629899776
23/04/2018,8930.879883,6925190144
24/04/2018,9697.5,10678800384
25/04/2018,8845.740234,11083100160
26/04/2018,9281.509766,8970559488
27/04/2018,8987.049805,7566289920
28/04/2018,9348.480469,7805479936
29/04/2018,9419.080078,8853000192
30/04/2018,9240.549805,8673920000
01/05/2018,9119.009766,7713019904
02/05/2018,9235.919922,7558159872
03/05/2018,9743.860352,10207299584
04/05/2018,9700.759766,8217829888
05/05/2018,9858.150391,7651939840
06/05/2018,9654.799805,7222280192
07/05/2018,9373.009766,7394019840
08/05/2018,9234.820313,7415869952
09/05/2018,9325.179688,7226890240
10/05/2018,9043.94043,6906699776
11/05/2018,8441.490234,8488520192
12/05/2018,8504.889648,6821380096
13/05/2018,8723.94043,5866379776
14/05/2018,8716.790039,7364149760
15/05/2018,8510.379883,6705710080
16/05/2018,8368.830078,6760220160
17/05/2018,8094.319824,5862530048
18/05/2018,8250.969727,5764190208
19/05/2018,8247.179688,4712399872
20/05/2018,8513.25,5191059968
21/05/2018,8418.990234,5154990080
22/05/2018,8041.779785,5137010176
23/05/2018,7557.819824,6491120128
24/05/2018,7587.339844,6049220096
25/05/2018,7480.140137,4867829760
26/05/2018,7355.879883,4051539968
27/05/2018,7368.220215,4056519936
28/05/2018,7135.990234,5040600064
29/05/2018,7472.589844,5662660096
30/05/2018,7406.52002,4922540032
31/05/2018,7494.169922,5127130112
01/06/2018,7541.450195,4921460224
02/06/2018,7643.450195,4939299840
03/06/2018,7720.25,4851760128
04/06/2018,7514.470215,4993169920
05/06/2018,7633.759766,4961739776
06/06/2018,7653.97998,4692259840
07/06/2018,7678.240234,4485799936
08/06/2018,7624.919922,4227579904
09/06/2018,7531.97998,3845220096
10/06/2018,6786.02002,5804839936
11/06/2018,6906.919922,4745269760
12/06/2018,6582.359863,4654380032
13/06/2018,6349.899902,5052349952
14/06/2018,6675.350098,5138710016
15/06/2018,6456.580078,3955389952
16/06/2018,6550.160156,3194170112
17/06/2018,6499.27002,3104019968
18/06/2018,6734.819824,4039200000
19/06/2018,6769.939941,4057029888
20/06/2018,6776.549805,3888640000
21/06/2018,6729.740234,3529129984
22/06/2018,6083.689941,5079810048
23/06/2018,6162.47998,3431360000
24/06/2018,6173.22998,4566909952
25/06/2018,6249.180176,5500810240
26/06/2018,6093.669922,3279759872
27/06/2018,6157.129883,3296219904
28/06/2018,5903.439941,3467800064
29/06/2018,6218.299805,3966230016
30/06/2018,6404,4543860224
01/07/2018,6385.819824,4788259840
02/07/2018,6614.180176,4396930048
03/07/2018,6529.589844,4672309760
04/07/2018,6597.549805,4176689920
05/07/2018,6639.140137,4999240192
06/07/2018,6673.5,4313959936
07/07/2018,6856.930176,3961080064
08/07/2018,6773.879883,3386210048
09/07/2018,6741.75,3718129920
10/07/2018,6329.950195,4052430080
11/07/2018,6394.709961,3644859904
12/07/2018,6228.810059,3770170112
13/07/2018,6238.049805,3805400064
14/07/2018,6276.120117,2923670016
15/07/2018,6359.640137,3285459968
16/07/2018,6741.75,4725799936
17/07/2018,7321.040039,5961950208
18/07/2018,7370.779785,6103410176
19/07/2018,7466.859863,5111629824
20/07/2018,7354.129883,4936869888
21/07/2018,7419.290039,3726609920
22/07/2018,7418.490234,3695460096
23/07/2018,7711.109863,5132480000
24/07/2018,8424.269531,7277689856
25/07/2018,8181.390137,5845400064
26/07/2018,7951.580078,4899089920
27/07/2018,8165.009766,5195879936
28/07/2018,8192.150391,3988750080
29/07/2018,8218.459961,4107190016
30/07/2018,8180.47998,5551400000
31/07/2018,7780.439941,5287530000
01/08/2018,7624.910156,4797620000
02/08/2018,7567.149902,4214110000
03/08/2018,7434.390137,4627150000
04/08/2018,7032.850098,4268390000
05/08/2018,7068.47998,3679110000
06/08/2018,6951.799805,3925900000
07/08/2018,6753.120117,4682800000
08/08/2018,6305.799805,5064430000
09/08/2018,6568.22998,4267040000
10/08/2018,6184.709961,4528680000
11/08/2018,6295.72998,4047850000
12/08/2018,6322.689941,5665250000
13/08/2018,6297.569824,4083980000
14/08/2018,6199.709961,5301700000
15/08/2018,6308.52002,4895450000
16/08/2018,6334.72998,4328420000
17/08/2018,6580.629883,4992990000
18/08/2018,6423.759766,3984520000
19/08/2018,6506.069824,3311170000
20/08/2018,6308.529785,3665100000
21/08/2018,6488.759766,3377180000
22/08/2018,6376.709961,4668110000
23/08/2018,6534.879883,3426180000
24/08/2018,6719.959961,4097820000
25/08/2018,6763.189941,3312600000
26/08/2018,6707.259766,3295500000
27/08/2018,6884.640137,4019000000
28/08/2018,7096.279785,4659940000
29/08/2018,7047.160156,4145880000
30/08/2018,6978.22998,4463250000
31/08/2018,7037.580078,4495650000
01/09/2018,7193.25,4116050000
02/09/2018,7272.720215,4329540000
03/09/2018,7260.060059,4087760000
04/09/2018,7361.660156,4273640000
05/09/2018,6792.830078,5800460000
06/09/2018,6529.169922,5523470000
07/09/2018,6467.069824,4264680000
08/09/2018,6225.97998,3835060000
09/09/2018,6300.859863,3671890000
10/09/2018,6329.700195,3714100000
11/09/2018,6321.200195,3849910000
12/09/2018,6351.799805,4064230000
13/09/2018,6517.310059,4210910000
14/09/2018,6512.709961,4076220000
15/09/2018,6543.200195,3216300000
16/09/2018,6517.180176,3273730000
17/09/2018,6281.200195,3910780000
18/09/2018,6371.299805,4180090000
19/09/2018,6398.540039,4431340000
20/09/2018,6519.669922,4348110000
21/09/2018,6734.950195,6531940000
22/09/2018,6721.97998,4509660000
23/09/2018,6710.629883,4197500000
24/09/2018,6595.410156,4177310000
25/09/2018,6446.470215,4726180000
26/09/2018,6495,4437300000
27/09/2018,6676.75,4606810000
28/09/2018,6644.129883,5014430000
29/09/2018,6601.959961,4363690000
30/09/2018,6625.560059,4002280000
01/10/2018,6589.620117,4000970000
02/10/2018,6556.100098,3979260000
03/10/2018,6502.589844,3887310000
04/10/2018,6576.689941,3838410000
05/10/2018,6622.47998,3671500000
06/10/2018,6588.310059,3259740000
07/10/2018,6602.950195,3306630000
08/10/2018,6652.22998,3979460000
09/10/2018,6642.640137,3580810000
10/10/2018,6585.529785,3787650000
11/10/2018,6256.240234,5181640000
12/10/2018,6274.580078,3783500000
13/10/2018,6285.990234,3064030000
14/10/2018,6290.930176,3085320000
15/10/2018,6596.540039,7370770000
16/10/2018,6596.109863,4074800000
17/10/2018,6544.430176,4088420000
18/10/2018,6476.709961,3924080000
19/10/2018,6465.410156,3578870000
20/10/2018,6489.189941,3379130000
21/10/2018,6482.350098,3253610000
22/10/2018,6487.160156,3672860000
23/10/2018,6475.740234,3716150000
24/10/2018,6495.839844,3424670000
25/10/2018,6476.290039,3230550000
26/10/2018,6474.75,3306050000
27/10/2018,6480.379883,3393250000
28/10/2018,6486.390137,3445190000
29/10/2018,6332.629883,4199910000
30/10/2018,6334.27002,3781100000
31/10/2018,6317.609863,4191240000
01/11/2018,6377.779785,3789400000
02/11/2018,6388.439941,4234870000
03/11/2018,6361.259766,3658640000
04/11/2018,6376.129883,4390020000
05/11/2018,6419.660156,4174800000
06/11/2018,6461.009766,4700040000
07/11/2018,6530.140137,4941260000
08/11/2018,6453.720215,4665260000
09/11/2018,6385.620117,4346820000
10/11/2018,6409.220215,3705320000
11/11/2018,6411.27002,3939060000
12/11/2018,6371.27002,4295770000
13/11/2018,6359.490234,4503800000
14/11/2018,5738.350098,7398940000
15/11/2018,5648.029785,7032140000
16/11/2018,5575.549805,5279320000
17/11/2018,5554.330078,4303150000
18/11/2018,5623.540039,4159680000
19/11/2018,4871.490234,7039560000
20/11/2018,4451.870117,8428290000
21/11/2018,4602.169922,6120120000
22/11/2018,4365.939941,4569370000
23/11/2018,4347.109863,4871490000
24/11/2018,3880.76001,4679500000
25/11/2018,4009.969971,6825640000
26/11/2018,3779.129883,6476900000
27/11/2018,3820.719971,5998720000
28/11/2018,4257.419922,7280280000
29/11/2018,4278.84668,6503347767
30/11/2018,4017.268555,6048016716
01/12/2018,4214.671875,5375314093
02/12/2018,4139.87793,5262697895
03/12/2018,3894.130859,5089570993
04/12/2018,3956.893799,5028069239
05/12/2018,3753.994873,5302481573
06/12/2018,3521.101807,5878333109
07/12/2018,3419.937256,6835615448
08/12/2018,3476.114746,5305024497
09/12/2018,3614.234375,4947372847
10/12/2018,3502.656006,5020968740
11/12/2018,3424.588135,4696765187
12/12/2018,3486.950195,4139364828
13/12/2018,3313.677246,4343372456
14/12/2018,3242.484863,4372763663
15/12/2018,3236.761719,3551763561
16/12/2018,3252.839111,3744248994
17/12/2018,3545.864746,5409247918
18/12/2018,3696.059082,5911325472
19/12/2018,3745.950684,6810689118
20/12/2018,4134.441406,8927129279
21/12/2018,3896.543701,7206015706
22/12/2018,4014.182617,5605823232
23/12/2018,3998.980225,6151275489
24/12/2018,4078.599121,7240968501
25/12/2018,3815.490723,6158207293
26/12/2018,3857.297607,5326547918
27/12/2018,3654.833496,5130222366
28/12/2018,3923.918701,5631554348
29/12/2018,3820.408691,4991655917
30/12/2018,3865.952637,4770578574
31/12/2018,3742.700439,4661840806
01/01/2019,3843.52002,4324200990
02/01/2019,3943.409424,5244856835
03/01/2019,3836.741211,4530215218
04/01/2019,3857.717529,4847965467
05/01/2019,3845.19458,5137609823
06/01/2019,4076.632568,5597027439
07/01/2019,4025.248291,5228625637
08/01/2019,4030.8479,5306593305
09/01/2019,4035.296387,5115905224
10/01/2019,3678.924561,6874143795
11/01/2019,3687.365479,5538712864
12/01/2019,3661.301025,4778170882
13/01/2019,3552.953125,4681302465
14/01/2019,3706.052246,5651384489
15/01/2019,3630.675293,5537192301
16/01/2019,3655.006836,5394457144
17/01/2019,3678.563965,5464420383
18/01/2019,3657.839355,5002961726
19/01/2019,3728.568359,5955691379
20/01/2019,3601.013672,5582489559
21/01/2019,3576.032471,5004347059
22/01/2019,3604.577148,5313623556
23/01/2019,3585.123047,5433755648
24/01/2019,3600.865479,5262869046
25/01/2019,3599.765869,5265847538
26/01/2019,3602.460449,5098183234
27/01/2019,3583.96582,5570752966
28/01/2019,3470.450439,6908930483
29/01/2019,3448.116943,5897159492
30/01/2019,3486.181641,5955112626
31/01/2019,3457.792725,5831198270
01/02/2019,3487.945313,5422926707
02/02/2019,3521.060791,5071623600
03/02/2019,3464.013428,5043937583
04/02/2019,3459.154053,5332718886
05/02/2019,3466.357422,5227549544
06/02/2019,3413.767822,5482196037
07/02/2019,3399.47168,5004962682
08/02/2019,3666.780273,7735623101
09/02/2019,3671.203613,6158833644
10/02/2019,3690.188232,6282256902
11/02/2019,3648.430664,6277056433
12/02/2019,3653.528564,6480384531
13/02/2019,3632.070557,6438903822
14/02/2019,3616.880859,6271044417
15/02/2019,3620.810791,6091952230
16/02/2019,3629.787598,5934744051
17/02/2019,3673.836182,7039512502
18/02/2019,3915.714355,9908216640
19/02/2019,3947.094482,9933626654
20/02/2019,3999.820557,8693373948
21/02/2019,3954.118164,7775128102
22/02/2019,4005.526611,7826525254
23/02/2019,4142.526855,8922258315
24/02/2019,3810.42749,10794227451
25/02/2019,3882.696289,9318796066
26/02/2019,3854.35791,7931218996
27/02/2019,3851.047363,8301309684
28/02/2019,3854.7854,8399767798
01/03/2019,3859.58374,7661247975
02/03/2019,3864.415039,7578786075
03/03/2019,3847.175781,7253558152
04/03/2019,3761.557129,9029175787
05/03/2019,3896.375,10174126414
06/03/2019,3903.942627,9175291528
07/03/2019,3911.484375,9584165518
08/03/2019,3901.131592,10638638944
09/03/2019,3963.313721,10796103518
10/03/2019,3951.599854,9713267606
11/03/2019,3905.227295,10125901902
12/03/2019,3909.15625,9809887079
13/03/2019,3906.717285,9469184841
14/03/2019,3924.369141,10480789569
15/03/2019,3960.911133,9394210604
16/03/2019,4048.72583,9856166973
17/03/2019,4025.229004,8221625399
18/03/2019,4032.507324,9646954186
19/03/2019,4071.190186,9344919956
20/03/2019,4087.476318,10175916388
21/03/2019,4029.326904,10831212661
22/03/2019,4023.968262,9252935969
23/03/2019,4035.826416,9578850549
24/03/2019,4022.168213,9144851064
25/03/2019,3963.070557,10359818882
26/03/2019,3985.080811,10707678814
27/03/2019,4087.066162,10897131934
28/03/2019,4069.107178,9353915899
29/03/2019,4098.374512,10918665556
30/03/2019,4106.660156,9732688060
31/03/2019,4105.404297,9045122442
01/04/2019,4158.183105,10157794170
02/04/2019,4879.87793,21315047816
03/04/2019,4973.021973,22899891582
04/04/2019,4922.798828,18251810239
05/04/2019,5036.681152,16837325387
06/04/2019,5059.817383,16929795193
07/04/2019,5198.896973,16655416140
08/04/2019,5289.770996,17154113634
09/04/2019,5204.958496,14722104361
10/04/2019,5324.551758,15504590933
11/04/2019,5064.487793,16555616019
12/04/2019,5089.539063,13675206312
13/04/2019,5096.586426,10823289598
14/04/2019,5167.722168,10391952498
15/04/2019,5067.108398,12290155060
16/04/2019,5235.55957,11618660197
17/04/2019,5251.937988,12438480676
18/04/2019,5298.385742,13256489918
19/04/2019,5303.8125,13780238655
20/04/2019,5337.88623,13169647522
21/04/2019,5314.53125,13731844222
22/04/2019,5399.365234,14601631647
23/04/2019,5572.361816,15867308107
24/04/2019,5464.866699,17048033399
25/04/2019,5210.515625,15330283408
26/04/2019,5279.348145,16812108039
27/04/2019,5268.291016,13111274675
28/04/2019,5285.13916,12819992055
29/04/2019,5247.352539,13735490672
30/04/2019,5350.726563,13878964573
01/05/2019,5402.697266,13679528236
02/05/2019,5505.283691,14644460907
03/05/2019,5768.289551,18720780005
04/05/2019,5831.16748,17567780765
05/05/2019,5795.708496,14808830722
06/05/2019,5746.807129,15737171804
07/05/2019,5829.501465,18026409032
08/05/2019,5982.45752,15320605299
09/05/2019,6174.528809,16784645410
10/05/2019,6378.849121,19419875367
11/05/2019,7204.771484,28867562329
12/05/2019,6972.371582,27773333679
13/05/2019,7814.915039,28677672181
14/05/2019,7994.416016,32031452226
15/05/2019,8205.167969,28344112919
16/05/2019,7884.90918,33167197581
17/05/2019,7343.895508,30066644905
18/05/2019,7271.208008,21354286561
19/05/2019,8197.689453,25902422039
20/05/2019,7978.309082,23843404339
21/05/2019,7963.327637,25127245056
22/05/2019,7680.066406,24719473174
23/05/2019,7881.84668,24457107820
24/05/2019,7987.371582,25919126990
25/05/2019,8052.543945,22256813106
26/05/2019,8673.21582,26677970091
27/05/2019,8805.77832,27949839563
28/05/2019,8719.961914,24226919266
29/05/2019,8659.487305,23473479966
30/05/2019,8319.472656,29246528551
31/05/2019,8574.501953,25365190957
01/06/2019,8564.016602,22488303543
02/06/2019,8742.958008,20266216022
03/06/2019,8208.995117,22004511436
04/06/2019,7707.770996,24609731548
05/06/2019,7824.231445,21760923463
06/06/2019,7822.023438,19474611077
07/06/2019,8043.951172,19141423230
08/06/2019,7954.12793,16522722809
09/06/2019,7688.077148,16610726547
10/06/2019,8000.32959,18689275117
11/06/2019,7927.714355,17107279931
12/06/2019,8145.857422,19034432883
13/06/2019,8230.923828,18669407147
14/06/2019,8693.833008,19831162905
15/06/2019,8838.375,18371033226
16/06/2019,8994.488281,23348550310
17/06/2019,9320.352539,15562951918
18/06/2019,9081.762695,15848210535
19/06/2019,9273.521484,15546809946
20/06/2019,9527.160156,17846823783
21/06/2019,10144.55664,20624008643
22/06/2019,10701.69141,29995204860
23/06/2019,10855.37109,20998326501
24/06/2019,11011.10254,19271652364
25/06/2019,11790.91699,24879684533
26/06/2019,13016.23145,45105733173
27/06/2019,11182.80664,39977475222
28/06/2019,12407.33203,35087757765
29/06/2019,11959.37109,29923961127
30/06/2019,10817.15527,27256473494
01/07/2019,10583.13477,29378589324
02/07/2019,10801.67773,31015895222
03/07/2019,11961.26953,30796494293
04/07/2019,11215.4375,25920294033
05/07/2019,10978.45996,23838480210
06/07/2019,11208.55078,21092024306
07/07/2019,11450.84668,19369044276
08/07/2019,12285.95801,23482551458
09/07/2019,12573.8125,28167921522
10/07/2019,12156.5127,33627574244
11/07/2019,11358.66211,28595327690
12/07/2019,11815.98633,23534692796
13/07/2019,11392.37891,21042616383
14/07/2019,10256.05859,22486000001
15/07/2019,10895.08984,25384047206
16/07/2019,9477.641602,24151199069
17/07/2019,9693.802734,24569921548
18/07/2019,10666.48242,25187024648
19/07/2019,10530.73242,20727426309
20/07/2019,10767.13965,20206615154
21/07/2019,10599.10547,17130580467
22/07/2019,10343.10645,16334414913
23/07/2019,9900.767578,17851916994
24/07/2019,9811.925781,17398734321
25/07/2019,9911.841797,15821952090
26/07/2019,9870.303711,14495714483
27/07/2019,9477.677734,16817809536
28/07/2019,9552.860352,13738687092
29/07/2019,9519.145508,13791445323
30/07/2019,9607.423828,13829811132
31/07/2019,10085.62793,16631520647
01/08/2019,10399.66895,17165337857
02/08/2019,10518.17481,17489094081
03/08/2019,10821.72656,15352685060
04/08/2019,10970.18457,16530894786
05/08/2019,11805.65332,23875988832
06/08/2019,11478.16895,23635107659
07/08/2019,11941.96875,22194988641
08/08/2019,11966.40723,19481591729
09/08/2019,11862.93652,18339989959
10/08/2019,11354.02441,18125355447
11/08/2019,11523.5791,15774371517
12/08/2019,11382.61621,13647198229
13/08/2019,10895.83008,16681503536
14/08/2019,10051.7041,19990838299
15/08/2019,10311.5459,22899115082
16/08/2019,10374.33887,20228207096
17/08/2019,10231.74414,13778035685
18/08/2019,10345.81055,12999813869
19/08/2019,10916.05371,16038264603
20/08/2019,10763.23242,15053082175
21/08/2019,10138.04981,19473084767
22/08/2019,10131.05566,17097508856
23/08/2019,10407.96484,15627023886
24/08/2019,10159.96094,15451030650
25/08/2019,10138.51758,14153856609
26/08/2019,10370.82031,18438654079
27/08/2019,10185.5,14762609502
28/08/2019,9754.422852,17603790323
29/08/2019,9510.200195,17045878500
30/08/2019,9598.173828,13595263986
31/08/2019,9630.664063,11454806419
01/09/2019,9757.970703,11445355859
02/09/2019,10346.76074,17248102293
03/09/2019,10623.54004,19384917988
04/09/2019,10594.49316,16742664768
05/09/2019,10575.5332,14551239507
06/09/2019,10353.30273,19536574782
07/09/2019,10517.25488,15307366476
08/09/2019,10441.27637,13670567492
09/09/2019,10334.97461,17595943367
10/09/2019,10115.97559,14906809639
11/09/2019,10178.37207,15428063426
12/09/2019,10410.12695,15323563925
13/09/2019,10360.54688,14109864674
14/09/2019,10358.04883,13468713124
15/09/2019,10347.71289,12043433567
16/09/2019,10276.79395,15160167778
17/09/2019,10241.27246,15304603363
18/09/2019,10198.24805,16169268880
19/09/2019,10266.41504,19937691247
20/09/2019,10181.6416,14734189639
21/09/2019,10019.7168,13425266806
22/09/2019,10070.39258,13199651698
23/09/2019,9729.324219,15144925408
24/09/2019,8620.566406,25002886688
25/09/2019,8486.993164,21744728352
26/09/2019,8118.967773,19258205289
27/09/2019,8251.845703,16408941155
28/09/2019,8245.915039,14141152736
29/09/2019,8104.185547,13034629108
30/09/2019,8293.868164,17115474183
01/10/2019,8343.276367,15305343412
02/10/2019,8393.041992,13125712442
03/10/2019,8259.992188,13668823409
04/10/2019,8205.939453,13139456229
05/10/2019,8151.500488,12200497197
06/10/2019,7988.155762,13160830305
07/10/2019,8245.623047,18009742607
08/10/2019,8228.783203,15592264032
09/10/2019,8595.740234,19384942333
10/10/2019,8586.473633,17618660671
11/10/2019,8321.756836,19604381101
12/10/2019,8336.555664,14532641604
13/10/2019,8321.005859,13808286058
14/10/2019,8374.686523,15151387859
15/10/2019,8205.369141,15220412631
16/10/2019,8047.526855,16071646995
17/10/2019,8103.911133,14313052244
18/10/2019,7973.20752,15651592610
19/10/2019,7988.560547,13797825640
20/10/2019,8222.078125,15504249442
21/10/2019,8243.720703,15868748865
22/10/2019,8078.203125,16803377856
23/10/2019,7514.671875,21942878957
24/10/2019,7493.48877,16268708848
25/10/2019,8660.700195,28705065488
26/10/2019,9244.972656,44496255608
27/10/2019,9551.714844,32593129500
28/10/2019,9256.148438,30948255331
29/10/2019,9427.6875,28426779937
30/10/2019,9205.726563,27706531577
31/10/2019,9199.584961,26583653946
01/11/2019,9261.104492,24324691031
02/11/2019,9324.717773,21242676385
03/11/2019,9235.354492,21132220847
04/11/2019,9412.612305,26170255634
05/11/2019,9342.527344,26198609047
06/11/2019,9360.879883,23133895764
07/11/2019,9267.561523,22700383838
08/11/2019,8804.880859,24333037836
09/11/2019,8813.582031,17578630605
10/11/2019,9055.526367,20587919881
11/11/2019,8757.788086,20265510765
12/11/2019,8815.662109,20309769107
13/11/2019,8808.262695,17545755404
14/11/2019,8708.094727,19084739974
15/11/2019,8491.992188,21796856471
16/11/2019,8550.760742,16495389808
17/11/2019,8577.975586,18668638896
18/11/2019,8309.286133,21579470673
19/11/2019,8206.145508,21083613815
20/11/2019,8027.268066,20764300436
21/11/2019,7642.75,22514243371
22/11/2019,7296.577637,34242315784
23/11/2019,7397.796875,21008924417
24/11/2019,7047.916992,30433517289
25/11/2019,7146.133789,42685231261
26/11/2019,7218.371094,21129505542
27/11/2019,7531.663574,23991412764
28/11/2019,7463.105957,19050116751
29/11/2019,7761.243652,19709695455
30/11/2019,7569.629883,17158194786
01/12/2019,7424.29248,18720708479
02/12/2019,7321.988281,17082040705
03/12/2019,7320.145508,14797485769
04/12/2019,7252.034668,21664240918
05/12/2019,7448.307617,18816085231
06/12/2019,7546.996582,18104466306
07/12/2019,7556.237793,15453520564
08/12/2019,7564.345215,15409908086
09/12/2019,7400.899414,17872021272
10/12/2019,7278.119629,18249031194
11/12/2019,7217.427246,16350490689
12/12/2019,7243.134277,18927080224
13/12/2019,7269.68457,17125736940
14/12/2019,7124.673828,17137029729
15/12/2019,7152.301758,16881129804
16/12/2019,6932.480469,20213265949
17/12/2019,6640.515137,22363804217
18/12/2019,7276.802734,31836522778
19/12/2019,7202.844238,25904604415
20/12/2019,7218.816406,22633815180
21/12/2019,7191.158691,19312552168
22/12/2019,7511.588867,23134537956
23/12/2019,7355.628418,27831788041
24/12/2019,7322.532227,22991622105
25/12/2019,7275.155762,21559505148
26/12/2019,7238.966797,22787010034
27/12/2019,7290.088379,22777360995
28/12/2019,7317.990234,21365673026
29/12/2019,7422.652832,22445257701
30/12/2019,7292.995117,22874131671
31/12/2019,7193.599121,21167946112
01/01/2020,7200.174316,18565664996
02/01/2020,6985.470215,20802083465
03/01/2020,7344.884277,28111481031
04/01/2020,7410.656738,18444271274
05/01/2020,7411.317383,19725074094
06/01/2020,7769.219238,23276261598
07/01/2020,8163.692383,28767291326
08/01/2020,8079.862793,31672559264
09/01/2020,7879.071289,24045990465
10/01/2020,8166.554199,28714583843
11/01/2020,8037.537598,25521165085
12/01/2020,8192.494141,22903438381
13/01/2020,8144.194336,22482910687
14/01/2020,8827.764648,44841784107
15/01/2020,8807.010742,40102834649
16/01/2020,8723.786133,31313981930
17/01/2020,8929.038086,36372139320
18/01/2020,8942.808594,32337772626
19/01/2020,8706.245117,34217320471
20/01/2020,8657.642578,26422375678
21/01/2020,8745.894531,24097418512
22/01/2020,8680.875977,22600204050
23/01/2020,8406.515625,25770680778
24/01/2020,8445.43457,24397913025
25/01/2020,8367.847656,19647331548
26/01/2020,8596.830078,22177678795
27/01/2020,8909.819336,28647338393
28/01/2020,9358.589844,34398744402
29/01/2020,9316.629883,30682598115
30/01/2020,9508.993164,32378792850
31/01/2020,9350.529297,29432489719
01/02/2020,9392.875,25922656496
02/02/2020,9344.365234,30835736946
03/02/2020,9293.521484,30934096508
04/02/2020,9180.962891,29893183716
05/02/2020,9613.423828,35222060874
06/02/2020,9729.801758,37628823715
07/02/2020,9795.943359,34522718159
08/02/2020,9865.119141,35172043761
09/02/2020,10116.67383,35807884663
10/02/2020,9856.611328,39386548074
11/02/2020,10208.23633,37648059388
12/02/2020,10326.05469,43444303830
13/02/2020,10214.37988,49356071372
14/02/2020,10312.11621,43338264161
15/02/2020,9889.424805,43865054831
16/02/2020,9934.433594,43374780305
17/02/2020,9690.142578,45998298412
18/02/2020,10141.99609,47271023953
19/02/2020,9633.386719,46992019709
20/02/2020,9608.475586,44925260236
21/02/2020,9686.441406,40930547512
22/02/2020,9663.181641,35838025154
23/02/2020,9924.515625,41185185761
24/02/2020,9650.174805,45080496648
25/02/2020,9341.705078,42515259129
26/02/2020,8820.522461,50420050761
27/02/2020,8784.494141,45470195695
28/02/2020,8672.455078,44605450442
29/02/2020,8599.508789,35792392544
01/03/2020,8562.454102,35349164300
02/03/2020,8869.669922,42857674408
03/03/2020,8787.786133,42386715820
04/03/2020,8755.246094,34746706368
05/03/2020,9078.762695,39698054597
06/03/2020,9122.545898,40826885650
07/03/2020,8909.954102,36216930369
08/03/2020,8108.116211,39973102120
09/03/2020,7923.644531,46936995808
10/03/2020,7909.729492,42213940993
11/03/2020,7911.430176,38682762604
12/03/2020,4970.788086,53980357243
13/03/2020,5563.707031,74156772074
14/03/2020,5200.366211,36154506007
15/03/2020,5392.314941,33997889638
16/03/2020,5014.47998,45368026429
17/03/2020,5225.629395,38622642935
18/03/2020,5238.438477,37878801016
19/03/2020,6191.192871,51000731797
20/03/2020,6198.77832,54442976102
21/03/2020,6185.066406,42494390879
22/03/2020,5830.254883,40099664740
23/03/2020,6416.314941,46491915999
24/03/2020,6734.803711,48221910672
25/03/2020,6681.062988,44590107887
26/03/2020,6716.44043,35319797641
27/03/2020,6469.79834,34585598366
28/03/2020,6242.193848,34885225901
29/03/2020,5922.042969,28373690930
30/03/2020,6429.841797,37101651525
31/03/2020,6438.644531,32786468812
01/04/2020,6606.776367,40346426265
02/04/2020,6793.624512,47660646124
03/04/2020,6733.387207,38976504902
04/04/2020,6867.527344,33185988583
05/04/2020,6791.129395,29510409856
06/04/2020,7271.78125,46896904614
07/04/2020,7176.414551,44243482667
08/04/2020,7334.098633,37563249548
09/04/2020,7302.089355,34815139177
10/04/2020,6865.493164,43622840991
11/04/2020,6859.083008,31222085946
12/04/2020,6971.091797,35759567632
13/04/2020,6845.037598,38619308647
14/04/2020,6842.427734,34110434051
15/04/2020,6642.109863,32288311030
16/04/2020,7116.804199,46783242376
17/04/2020,7096.18457,32513423567
18/04/2020,7257.665039,32447188385
19/04/2020,7189.424805,31311210215
20/04/2020,6881.958496,37747113935
21/04/2020,6880.323242,32589741510
22/04/2020,7117.20752,33249153865
23/04/2020,7429.724609,43500782316
24/04/2020,7550.900879,34636526285
25/04/2020,7569.936035,32941541446
26/04/2020,7679.867188,33070154490
27/04/2020,7795.601074,36162144724
28/04/2020,7807.058594,33187959920
29/04/2020,8801.038086,60201052202
30/04/2020,8658.553711,66964629541
01/05/2020,8864.766602,44068389996
02/05/2020,8988.59668,40134388683
03/05/2020,8897.46875,47101785174
04/05/2020,8912.654297,45718796275
05/05/2020,9003.070313,43148462663
06/05/2020,9268.761719,49371886931
07/05/2020,9951.518555,61112700562
08/05/2020,9842.666016,51780748041
09/05/2020,9593.896484,46566121841
10/05/2020,8756.430664,63325279336
11/05/2020,8601.795898,57119858801
12/05/2020,8804.477539,42142717533
13/05/2020,9269.987305,45558144023
14/05/2020,9733.72168,56426907637
15/05/2020,9328.197266,48158802327
16/05/2020,9377.013672,36164766407
17/05/2020,9670.739258,40084250662
18/05/2020,9726.575195,41827139895
19/05/2020,9729.038086,39254288954
20/05/2020,9522.981445,36546239702
21/05/2020,9081.761719,39326160532
22/05/2020,9182.577148,29810773699
23/05/2020,9209.287109,27727866811
24/05/2020,8790.368164,32518803299
25/05/2020,8906.93457,31288157264
26/05/2020,8835.052734,29584186947
27/05/2020,9181.017578,32740536902
28/05/2020,9525.750977,34367073114
29/05/2020,9439.124023,32896642044
30/05/2020,9700.414063,32722975141
31/05/2020,9461.058594,27773290298
01/06/2020,10167.26856,35198901068
02/06/2020,9529.803711,39137252108
03/06/2020,9656.717773,25007459262
04/06/2020,9800.636719,25921805071
05/06/2020,9665.533203,23509628646
06/06/2020,9653.679688,20438419222
07/06/2020,9758.852539,25015250845
08/06/2020,9771.489258,21486346311
09/06/2020,9795.700195,23717842782
10/06/2020,9870.094727,25706567600
11/06/2020,9321.78125,30247143440
12/06/2020,9480.84375,22610564515
13/06/2020,9475.277344,17564322315
14/06/2020,9386.788086,18991732745
15/06/2020,9450.702148,26699704768
16/06/2020,9538.024414,21565537208
17/06/2020,9480.254883,20177709879
18/06/2020,9411.84082,17770083002
19/06/2020,9288.018555,19632223107
20/06/2020,9332.34082,17130541557
21/06/2020,9303.629883,15324301168
22/06/2020,9648.717773,21104009513
23/06/2020,9629.658203,17006433272
24/06/2020,9313.610352,18961716075
25/06/2020,9264.813477,18616048626
26/06/2020,9162.917969,18341465836
27/06/2020,9045.390625,17273093144
28/06/2020,9143.582031,14560870760
29/06/2020,9190.854492,16460547078
30/06/2020,9137.993164,15735797743
01/07/2020,9228.325195,15971550355
02/07/2020,9123.410156,16338916796
03/07/2020,9087.303711,13078970998
04/07/2020,9132.488281,12290528515
05/07/2020,9073.942383,12903406143
06/07/2020,9375.474609,17889263251
07/07/2020,9252.277344,13839652594
08/07/2020,9428.333008,19702359882
09/07/2020,9277.967773,18000702524
10/07/2020,9278.807617,16860035604
11/07/2020,9240.34668,13249910444
12/07/2020,9276.5,14452361906
13/07/2020,9243.614258,17519821266
14/07/2020,9243.213867,18085038362
15/07/2020,9192.836914,15844731575
16/07/2020,9132.227539,15713967522
17/07/2020,9151.392578,13944570749
18/07/2020,9159.040039,12252601474
19/07/2020,9185.817383,12939002784
20/07/2020,9164.231445,13755604145
21/07/2020,9374.887695,18069581955
22/07/2020,9525.363281,16532254884
23/07/2020,9581.072266,18146399002
24/07/2020,9536.892578,16552768325
25/07/2020,9677.113281,16610070933
26/07/2020,9905.166992,20507998997
27/07/2020,10990.87305,35359749590
28/07/2020,10912.82324,28766551142
29/07/2020,11100.46777,24617249715
30/07/2020,11111.21387,22857247901
31/07/2020,11323.4668,23160469766
01/08/2020,11759.59277,26075670303
02/08/2020,11053.61426,27410067336
03/08/2020,11246.34863,20271713443
04/08/2020,null,null
05/08/2020,11747.02246,24411254471
06/08/2020,11779.77344,23400740340
07/08/2020,11601.47266,23132312867
08/08/2020,11754.0459,17572057837
09/08/2020,11675.73926,17489608833
10/08/2020,11878.11133,26114112569
11/08/2020,11410.52539,27039782640
12/08/2020,11584.93457,25064548486
13/08/2020,11784.1377,27522199497
14/08/2020,11768.87109,24237958589
15/08/2020,11865.69824,23354924400
16/08/2020,11892.80371,20583375490
17/08/2020,12254.40234,28227687027
18/08/2020,11991.2334,26043227672
19/08/2020,11758.2832,24502851117
20/08/2020,11878.37207,20175242945
21/08/2020,11592.48926,23762425999
22/08/2020,11681.8252,20224191306
23/08/2020,11664.84766,18482062658
24/08/2020,11774.5957,20681511755
25/08/2020,11366.13477,26301509932
26/08/2020,11488.36328,22466660958
27/08/2020,11323.39746,23240415076
28/08/2020,11542.5,19807127588
29/08/2020,11506.86523,17485597759
30/08/2020,11711.50586,19760127945
31/08/2020,11680.82031,22285928250
01/09/2020,11970.47852,27311555343
02/09/2020,11414.03418,28037405299
03/09/2020,10245.29688,31927261555
04/09/2020,10511.81348,29965130374
05/09/2020,10169.56738,44916565292
06/09/2020,10280.35156,37071460174
07/09/2020,10369.56348,33703098409
08/09/2020,10131.5166,33430927462
09/09/2020,10242.34766,24128292755
10/09/2020,10363.13867,54406443211
11/09/2020,10400.91504,45201121775
12/09/2020,10442.1709,36750077324
13/09/2020,10323.75586,36506852789
14/09/2020,10680.83789,35453581940
15/09/2020,10796.95117,32509451925
16/09/2020,10974.90527,30769986455
17/09/2020,10948.99023,38151810523
18/09/2020,10944.58594,26341903912
19/09/2020,11094.34668,22764204008
20/09/2020,10938.27148,24699523788
21/09/2020,10462.25977,28884999244
22/09/2020,10538.45996,23621787804
23/09/2020,10225.86426,22986733997
24/09/2020,10745.54883,23017536742
25/09/2020,10702.29004,21232549821
26/09/2020,10754.4375,18105012128
27/09/2020,10774.42676,18016880214
28/09/2020,10912.53613,21226530816
